{"cameraMode":{"drawMode":0,"name":"Shaded","section":"Shading Mode"},"sceneLighting":false,"audioPlay":false,"sceneViewState":{"m_AlwaysRefresh":false,"showFog":true,"showSkybox":false,"showFlares":true,"showImageEffects":true,"showParticleSystems":true,"showVisualEffectGraphs":true,"m_FxEnabled":true},"in2DMode":false,"pivot":{"x":1.3005000352859498,"y":0.9964999556541443,"z":5.283999919891357},"rotation":{"x":0.052943143993616107,"y":0.07124600559473038,"z":0.0037710447795689108,"w":-0.9960576295852661},"size":1.7626997232437134,"orthographic":true}