{"cameraMode":{"drawMode":0,"name":"Shaded","section":"Shading Mode"},"sceneLighting":true,"audioPlay":false,"sceneViewState":{"m_AlwaysRefresh":false,"showFog":true,"showSkybox":true,"showFlares":true,"showImageEffects":true,"showParticleSystems":true,"showVisualEffectGraphs":true,"m_FxEnabled":true},"in2DMode":false,"pivot":{"x":4.6850738525390629,"y":4.8848466873168949,"z":-4.094728469848633},"rotation":{"x":0.013060081750154496,"y":0.8966907858848572,"z":-0.026337893679738046,"w":0.44180381298065188},"size":7.101884841918945,"orthographic":true}